rnbqkb1r/pppppppp/5n2/8/2PP4/8/PP2PPPP/RNBQKBNR b KQkq - 0 2,0.26
rnbqkbnr/pppppppp/8/8/3P4/8/PPP1PPPP/RNBQKBNR b KQkq - 0 1,0.27
rnbqk2r/pppp1ppp/4pn2/8/1bPP4/5N2/PP2PPPP/RNBQKB1R w KQkq - 2 4,0.29
rnbqkb1r/pppp1ppp/4pn2/8/2PP4/8/PP2PPPP/RNBQKBNR w KQkq - 0 3,0.31
rnbqkb1r/pppppppp/5n2/8/3P4/8/PPP1PPPP/RNBQKBNR w KQkq - 1 2,0.25
rnbqkb1r/pppp1ppp/4pn2/8/2PP4/5N2/PP2PPPP/RNBQKB1R b KQkq - 1 3,0.15
rnbqkb1r/pppp1ppp/4pn2/8/2PP4/2N5/PP2PPPP/R1BQKBNR b KQkq - 1 3,0.18
rnbq1rk1/ppp2ppp/4pn2/3p4/1bPPP3/2N5/PPQ2PPP/R1B1KBNR w KQ - 0 6,0.17
rnbq1rk1/pppp1ppp/4pn2/8/1bPPP3/2N5/PPQ2PPP/R1B1KBNR b KQ - 0 5,0.21
rnbqk2r/pppp1ppp/4pn2/8/1bPP4/2N5/PP2PPPP/R1BQKBNR w KQkq - 2 4,0.17
rnbqk2r/pppp1ppp/4pn2/8/1bPP4/2N5/PPQ1PPPP/R1B1KBNR b KQkq - 3 4,0.22
rnbq1rk1/ppp2ppp/4p3/3pP3/1bPPn3/P1N5/1PQ2PPP/R1B1KBNR b KQ - 0 7,-0.06
rnbq1rk1/ppp2ppp/4pn2/3pP3/1bPP4/2N5/PPQ2PPP/R1B1KBNR b KQ - 0 6,0.21
rnbq1rk1/pp3ppp/4p3/3pP3/2Ppn3/P1PB4/2Q2PPP/R1B1K1NR w KQ - 0 10,-0.05
rnbq1rk1/ppp2ppp/4p3/3pP3/2PPn3/P1P5/2Q2PPP/R1B1KBNR b KQ - 0 8,-0.06
rnbq1rk1/ppp2ppp/4p3/3pP3/2PPn3/P1b5/1PQ2PPP/R1B1KBNR w KQ - 0 8,0.0
rnbq1rk1/pppp1ppp/4pn2/8/1bPP4/2N5/PPQ1PPPP/R1B1KBNR w KQ - 4 5,0.12
rnbq1rk1/pp3ppp/4p3/2ppP3/2PPn3/P1P5/2Q2PPP/R1B1KBNR w KQ - 0 9,-0.11
rnbq1rk1/ppp2ppp/4p3/3pP3/1bPPn3/2N5/PPQ2PPP/R1B1KBNR w KQ - 1 7,0.03
rnbq1rk1/pp3ppp/4p3/3pP3/2PPn3/P2B4/2Q2PPP/R1B1K1NR b KQ - 0 10,-0.03
r1bq1rk1/pp3ppp/2n1p3/3pP3/2PPn3/P2B4/2Q2PPP/R1B1K1NR w KQ - 1 11,0.04
rnbq1rk1/pp3ppp/4p3/2ppP3/2PPn3/P1PB4/2Q2PPP/R1B1K1NR b KQ - 1 9,-0.01
r1b2rk1/pp3ppp/2n1p3/q2pP3/2PPn3/P2B4/2Q1NPPP/R1B2K1R b - - 4 12,-0.19
r1b2rk1/pp3ppp/2n1p3/q2pP3/2PPn3/P2B4/2Q1NPPP/R1B1K2R w KQ - 3 12,-0.08
r1b2rk1/pp4pp/2n1pp2/q3P3/2PPp3/P7/2Q1NPPP/R1B2K1R w - - 0 14,0.01
r1b3k1/pp4pp/2n1pr2/q7/2PPp3/P7/2Q1NPPP/R1B2K1R w - - 0 15,0.0
r1bq1rk1/pp3ppp/2n1p3/3pP3/2PPn3/P2B4/2Q1NPPP/R1B1K2R b KQ - 2 11,-0.09
r1b2rk1/pp4pp/2n1pp2/q2pP3/2PPB3/P7/2Q1NPPP/R1B2K1R b - - 0 13,0.02
r1b2rk1/pp4pp/2n1pp2/q2pP3/2PPn3/P2B4/2Q1NPPP/R1B2K1R w - - 0 13,-0.06
r1b3k1/p5pp/1pn1pr2/8/q1PPQB2/P7/4NPPP/R4K1R w - - 0 17,0.01
r1b3k1/pp4pp/2n1pr2/8/q1PPQB2/P7/4NPPP/R4K1R b - - 2 16,-0.29
r1b2rk1/pp4pp/2n1pP2/q7/2PPp3/P7/2Q1NPPP/R1B2K1R b - - 0 14,0.08
r5k1/pp1b2pp/2n1pr2/q7/2PPp3/P3B3/2Q1NPPP/R4K1R w - - 2 16,0.12
r1b3k1/pp4pp/2n1pr2/8/q1PPQ3/P7/4NPPP/R1B2K1R w - - 1 16,-0.29
r1b3k1/pp4pp/2n1pr2/q7/2PPp3/P3B3/2Q1NPPP/R4K1R b - - 1 15,0.06
5rk1/pp1b2pp/2n1pr2/q7/2PPp2P/P3B3/2Q1NPP1/R5KR b - - 0 17,0.25
5rk1/pp1b2pp/2n1pr2/q7/2PPp3/P3B3/2Q1NPPP/R5KR w - - 4 17,0.37
5rk1/pp1b2pp/3npr2/q5B1/2PPQ2P/P7/4NPP1/R5KR w - - 3 20,0.0
r5k1/pp1b2pp/2n1pr2/q7/2PPp3/P3B3/2Q1NPPP/R5KR b - - 3 16,0.0
5rk1/pp1bn1pp/4pr2/q7/2PPp2P/P3B3/2Q1NPP1/R5KR w - - 1 18,0.32
5rk1/pp1b2pp/4pr2/q4nB1/2PPQ2P/P7/4NPP1/R5KR b - - 2 19,0.0
5rk1/pp1bn1pp/4pr2/q7/2PPQ2P/P3B3/4NPP1/R5KR b - - 0 18,0.24
5rk1/pp1b2pp/4pr2/q4n2/2PPQ2P/P3B3/4NPP1/R5KR w - - 1 19,0.2
5Bk1/pp4pp/2bnp3/q7/2PP3P/P2Q4/4NrP1/R5KR b - - 0 22,-0.06
5Bk1/pp4pp/2bnp3/q7/2PP3P/P2Q4/4N1r1/R4K1R b - - 1 23,0.0
5Bk1/pp4pp/3np3/q7/2PPb2P/P6Q/4N1r1/R4K1R b - - 3 24,0.0
5rk1/pp1b2pp/3np3/q5B1/2PP3P/P2Q4/4NrP1/R5KR w - - 0 21,0.63
5Bk1/pp4pp/3np3/8/2PPb2P/P6Q/3qN1r1/R4K1R w - - 4 25,0.0
5B1k/pp4pp/3nQ3/8/2PPb2P/P7/3qN1r1/R4K1R w - - 1 26,0.0
7k/pp4Bp/3nQ3/8/2PPb2P/P7/3qN1r1/R4K1R b - - 0 26,0.0
8/pp4kp/3nQ3/8/2PPb2P/P7/3qN1r1/R4K1R w - - 0 27,0.0
8/pp2Q1kp/3n4/8/2PPb2P/P7/3qN1r1/R4K1R b - - 1 27,0.0
6k1/pp2Q2p/3n4/8/2PPb2P/P7/3qN1r1/R4K1R w - - 2 28,0.0
6k1/pp5p/3nQ3/8/2PPb2P/P7/3qN1r1/R4K1R b - - 3 28,0.0
7k/pp5p/3nQ3/8/2PPb2P/P7/3qN1r1/R4K1R w - - 4 29,0.0
7k/pp5p/3n1Q2/8/2PPb2P/P7/3qN1r1/R4K1R b - - 5 29,0.0
6k1/pp5p/3n1Q2/8/2PPb2P/P7/3qN1r1/R4K1R w - - 6 30,0.0
5Bk1/pp4pp/3nQ3/8/2PPb2P/P7/3qN1r1/R4K1R b - - 0 25,0.0
5rk1/pp1bB1pp/3np3/q7/2PP3P/P2Q4/4NrP1/R5KR b - - 1 21,0.49
5rk1/pp2B1pp/2bnp3/q7/2PP3P/P2Q4/4NrP1/R5KR w - - 2 22,0.47
5Bk1/pp4pp/3np3/q7/2PPb2P/P2Q4/4N1r1/R4K1R w - - 2 24,-0.01
5Bk1/pp4pp/2bnp3/q7/2PP3P/P2Q4/4N1r1/R5KR w - - 0 23,-0.02
5rk1/pp2B1pp/2bnp3/5Q2/2PP3P/P7/4NrPR/R5K1 b - - 0 23,0.42
5rk1/pp2B1pp/2bnp3/q7/2PP3P/P2Q4/4NrPR/R5K1 b - - 3 22,0.53
6k1/pp2B1pp/2bnp3/5r2/2PP3P/P7/4NrPR/R5K1 w - - 0 24,0.45
r1b3k1/pp4pp/2n1pr2/q7/2PPQ3/P7/4NPPP/R1B2K1R b - - 0 15,-0.08
4n1k1/pp2B1pp/2P1p3/5r2/2P4P/P7/4r1PR/R5K1 w - - 1 26,6.98
5rk1/pp2B1pp/2bnp3/5q2/2PP3P/P2Q4/4NrPR/R5K1 w - - 4 23,0.38
6k1/pp2B1pp/2bnp3/3P1r2/2P4P/P7/4NrPR/R5K1 b - - 0 24,0.4
5rk1/pp1b2pp/3npr2/q5B1/2PP3P/P2Q4/4NPP1/R5KR b - - 4 20,0.04
4n1k1/pP2B1pp/4p3/5r2/2P4P/P7/4r1PR/R5K1 b - - 0 26,6.95
6k1/pp2B1pp/2bn4/3p1r2/2P4P/P5N1/5rPR/R5K1 b - - 1 25,0.41
6k1/pp2B1pp/2bnp3/3P1r2/2P4P/P7/4r1PR/R5K1 w - - 0 25,3.69
6k1/pp2B1pp/2Pnp3/5r2/2P4P/P7/4r1PR/R5K1 b - - 0 25,3.85
6k1/pp2B1pp/2bn4/3p1r2/2P4P/P7/4NrPR/R5K1 w - - 0 25,0.36
4n1k1/pP2B1pp/4p3/5r2/2P4P/P7/1r4PR/R5K1 w - - 1 27,7.67
4n1k1/pP4pp/4p3/5r2/1BP4P/P7/1r4PR/R5K1 b - - 2 27,7.88
6k1/pp2B1pp/2b5/3p1r2/2n4P/P5N1/5rPR/R5K1 w - - 0 26,0.49
6k1/pp2B1pp/2b5/3p1N2/2n4P/P7/5rPR/R5K1 b - - 0 26,0.23
6k1/Bp4pp/2b5/3p1r2/2n4P/P7/6PR/R5K1 b - - 0 28,0.35
6k1/pp4pp/2b5/2Bp1r2/2n2r1P/P5N1/6PR/R5K1 w - - 2 27,0.35
6k1/pp4pp/2b5/2Bp1N2/2n2r1P/P7/6PR/R5K1 b - - 0 27,0.3
6k1/pp4pp/2b5/2Bp1r2/2n4P/P5N1/5rPR/R5K1 b - - 1 26,0.34
6k1/B5pp/1pb5/3p1r2/2n4P/P7/6PR/R5K1 w - - 0 29,1.13
6k1/B5pp/1pb5/3p1r2/2n4P/P6R/6P1/R5K1 b - - 1 29,0.47
6k1/pp2B1pp/2b5/3p1r2/2n4P/P7/6PR/R5K1 w - - 0 27,0.21
6k1/B4rpp/1pb5/3p4/2n4P/P6R/6P1/R5K1 w - - 2 30,0.72
6k1/pp4pp/2b5/2Bp1r2/2n4P/P7/6PR/R5K1 w - - 0 28,0.32
1B4k1/5rpp/2b5/1p6/P1np3P/7R/6P1/2R3K1 b - - 0 32,1.33
1B4k1/5rpp/1pb5/8/2np3P/P6R/6P1/2R3K1 b - - 1 31,1.13
1B4k1/5rpp/1pb5/8/2np3P/P6R/6P1/R5K1 w - - 0 31,1.05
1B4k1/5rpp/1pb5/3p4/2n4P/P6R/6P1/R5K1 b - - 3 30,0.55
1B4k1/5rpp/2b5/1p6/2np3P/P6R/6P1/2R3K1 w - - 0 32,1.27
1B4k1/3r2pp/2b5/1p6/P1np3P/7R/6P1/2R3K1 w - - 1 33,1.14
1B4k1/6pp/8/1b1r4/2np3P/1R6/6P1/2R3K1 w - - 2 35,1.05
1B4k1/3r2pp/2b5/1P6/2np3P/7R/6P1/2R3K1 b - - 0 33,1.2
6k1/6pp/8/1b1r4/2np1B1P/1R6/6P1/2R3K1 b - - 3 35,1.09
1B4k1/3r2pp/8/1b6/2np3P/1R6/6P1/2R3K1 b - - 1 34,1.12
1B4k1/3r2pp/8/1b6/2np3P/7R/6P1/2R3K1 w - - 0 34,1.12
2R3k1/6pp/8/1b1rn3/3p1B1P/1R6/6P1/6K1 b - - 5 36,0.92
8/2R3pp/5k2/1b1rn3/3p1B1P/1R6/6P1/6K1 w - - 8 38,0.79
2R5/5kpp/8/1b1rn3/3p1B1P/1R6/6P1/6K1 w - - 6 37,0.82
8/1R4pp/5k2/1b1rn3/3p1B1P/1R6/6P1/6K1 b - - 9 38,0.73
8/1R1b2pp/5k2/3rn3/3p1B1P/6R1/6P1/6K1 b - - 11 39,0.25
6k1/6pp/8/1b1rn3/3p1B1P/1R6/6P1/2R3K1 w - - 4 36,1.03
8/2R2kpp/8/1b1rn3/3p1B1P/1R6/6P1/6K1 b - - 7 37,0.74
8/1R1b2pp/5k2/3rn3/3p1B1P/1R6/6P1/6K1 w - - 10 39,0.64
8/1R1b2pp/8/3r1kB1/3p2nP/5R2/6P1/6K1 b - - 15 41,0.48
8/1R1b2pp/5k2/3r4/3p1BnP/6R1/6P1/6K1 w - - 12 40,0.76
8/3b1Rpp/1R6/r5Bk/3p2nP/8/6P1/6K1 w - - 20 44,0.27
8/3b2pp/1R4k1/3r2B1/3p2nP/5R2/6P1/6K1 b - - 17 42,0.13
8/5Rpp/8/r4bBk/3R2nP/8/6P1/6K1 b - - 0 45,-99.97
8/5Rpp/8/5bBk/3R2nP/8/6P1/r5K1 w - - 1 46,-99.98
8/5Rpp/8/5b1k/3R2nP/8/6P1/r1B3K1 b - - 2 46,-99.98
8/5Rpp/8/5b1k/3R2nP/8/6P1/2r3K1 w - - 0 47,-99.99
8/5Rpp/8/5b1k/6nP/8/6P1/2rR2K1 b - - 1 47,-99.99
8/5Rpp/8/5b1k/6nP/8/6P1/3r2K1 w - - 0 48,-100.0
8/3b1Rpp/1R6/3r2Bk/3p2nP/8/6P1/6K1 b - - 19 43,0.27
8/3b1Rpp/3R4/r5Bk/3p2nP/8/6P1/6K1 b - - 21 44,0.0
8/1R1b2pp/5k2/3r2B1/3p2nP/6R1/6P1/6K1 b - - 13 40,0.78
8/5Rpp/3R4/r4bBk/3p2nP/8/6P1/6K1 w - - 22 45,0.03
8/5Rpp/3R4/r4b1k/3p2nP/8/6P1/2B3K1 b - - 23 45,0.0
8/5Rpp/3R4/r4b1k/6nP/3p4/6P1/2B3K1 w - - 0 46,0.0
8/6pp/3R4/5R2/3p2nk/8/6P1/r1B3K1 w - - 0 47,5.26
8/6Rp/3R4/r4b1k/6nP/3p4/6P1/2B3K1 b - - 0 46,0.0
8/5R1p/3R4/r4b2/6nk/3p4/6P1/2B3K1 b - - 1 47,0.0
8/1R1b2pp/6k1/3r2B1/3p2nP/5R2/6P1/6K1 w - - 16 42,0.44
8/6pp/3R4/5R1k/3p2nP/8/6P1/r1B3K1 b - - 0 46,5.09
8/5R1p/3R4/r7/4b1nk/3p4/6P1/2B3K1 w - - 2 48,1.03
8/5R1p/8/r7/3Rb1nk/3p4/6P1/2B3K1 b - - 3 48,1.01
8/5Rpp/3R4/5b1k/3p2nP/8/6P1/r1B3K1 w - - 24 46,5.31
8/6pp/3R4/8/3p2nk/8/6P1/r1B2RK1 b - - 1 47,5.41
8/1R1b2pp/8/3r1kB1/3p2nP/6R1/6P1/6K1 w - - 14 41,0.9
8/5R1p/8/r4b2/5Rnk/8/3p2P1/2B3K1 w - - 0 50,2.53
8/5R1p/8/5b2/6nk/8/3B2P1/5rK1 w - - 0 52,2.42
8/5R1p/8/r4b2/3R2nk/3p4/6P1/2B3K1 w - - 4 49,2.37
8/5R1p/8/r4b2/5Rnk/3p4/6P1/2B3K1 b - - 5 49,2.3
8/5R1p/8/5b2/6nk/8/3B2P1/5K2 b - - 0 52,2.27
8/5R1p/8/r4b2/5Rnk/8/3B2P1/6K1 b - - 0 50,2.18
8/5R1p/8/8/6nk/3b4/3B2P1/5K2 w - - 1 53,2.34
8/5R1p/8/5b2/5Rnk/8/3B2P1/r5K1 w - - 1 51,2.37
8/5R1p/8/5b2/6nk/8/3B2P1/r4RK1 b - - 2 51,2.51
8/R6p/8/8/6nk/8/2bB2P1/6K1 w - - 5 55,4.42
8/6Rp/3R4/r4b2/6nk/3p4/6P1/2B3K1 w - - 0 47,0.47
8/7p/8/8/6nk/R7/2bB2P1/6K1 w - - 9 57,99.99
8/7p/8/8/6nk/7R/2bB2P1/6K1 b - - 10 57,100.0
8/3b2pp/1R6/3r2Bk/3p2nP/5R2/6P1/6K1 w - - 18 43,0.05
8/7p/8/R7/6n1/6k1/2bB2P1/6K1 w - - 7 56,7.42
8/7p/8/R7/6nk/8/2bB2P1/6K1 b - - 6 55,4.51
8/5R1p/8/8/4b1nk/8/3B2P1/6K1 w - - 3 54,4.44
8/7p/8/8/6n1/R5k1/2bB2P1/6K1 b - - 8 56,7.36
8/5R1p/8/8/6nk/3b4/3B2P1/6K1 b - - 2 53,2.18
8/R6p/8/8/4b1nk/8/3B2P1/6K1 b - - 4 54,3.61
rnbqkbnr/ppp1pppp/8/3p4/3P4/8/PPP1PPPP/RNBQKBNR w KQkq - 0 2,0.25
rnbqk2r/ppp2ppp/3bpn2/3p4/3P1B2/4PN2/PPP2PPP/RN1QKB1R w KQkq - 1 5,0.14
rnbqkb1r/ppp1pppp/5n2/3p4/3P4/5N2/PPP1PPPP/RNBQKB1R w KQkq - 2 3,0.23
rnbqkbnr/ppp1pppp/8/3p4/3P4/5N2/PPP1PPPP/RNBQKB1R b KQkq - 1 2,0.27
rnbqkb1r/ppp2ppp/4pn2/3p4/3P1B2/4PN2/PPP2PPP/RN1QKB1R b KQkq - 0 4,0.12
rnbqk2r/ppp2ppp/3bpn2/3pN3/3P1B2/4P3/PPP2PPP/RN1QKB1R b KQkq - 2 5,0.16
rnbq1rk1/ppp2ppp/3bpn2/3pN3/3P1B2/4P3/PPP2PPP/RN1QKB1R w KQ - 3 6,0.16
rnbqkb1r/ppp1pppp/5n2/3p4/3P1B2/5N2/PPP1PPPP/RN1QKB1R b KQkq - 3 3,0.08
rnbqkb1r/ppp2ppp/4pn2/3p4/3P1B2/5N2/PPP1PPPP/RN1QKB1R w KQkq - 0 4,0.14
rnbq1rk1/ppp2ppp/3bpn2/3pN3/3P1B2/4P3/PPPN1PPP/R2QKB1R b KQ - 4 6,0.1
r1bq1rk1/pp3ppp/2nbpn2/3pN3/2pP1B1P/2P1P3/PP1N1PP1/R2QKB1R w KQ - 1 9,0.16
rnbq1rk1/pp3ppp/3bpn2/3pN3/2pP1B2/2P1P3/PP1N1PPP/R2QKB1R w KQ - 0 8,0.21
rnbq1rk1/pp3ppp/3bpn2/2ppN3/3P1B2/4P3/PPPN1PPP/R2QKB1R w KQ - 0 7,0.16
r1b2rk1/ppq2ppp/2nbpn2/3pN2P/2pP1B2/2P1P3/PP1N1PP1/R2QKB1R w KQ - 1 10,0.37
rnbq1rk1/pp3ppp/3bpn2/2ppN3/3P1B2/2P1P3/PP1N1PPP/R2QKB1R b KQ - 0 7,0.08
rnbq1rk1/pp3ppp/3bpn2/3pN3/2pP1B1P/2P1P3/PP1N1PP1/R2QKB1R b KQ - 0 8,0.17
r1b2rk1/ppq2ppp/2nbpn1P/3pN3/2pP1B2/2P1P3/PP1N1PP1/R2QKB1R b KQ - 0 10,0.3
r1bq1rk1/pp3ppp/2nbpn2/3pN2P/2pP1B2/2P1P3/PP1N1PP1/R2QKB1R b KQ - 0 9,0.25
r1b2rk1/ppq2p1p/2nbp1pP/3p4/2pP1Bn1/2P1P3/PP1N1PP1/R2QKB1R w KQ - 0 12,0.37
r1b2rk1/pp3p1p/2nqp1pP/3p4/2pP2n1/2P1P3/PP1N1PP1/R2QKB1R w KQ - 0 13,0.31
r1b2rk1/ppq2p1p/2nbpnpP/3pN3/2pP1B2/2P1P3/PP1N1PP1/R2QKB1R w KQ - 0 11,0.28
r1b2rk1/ppq2p1p/2nBp1pP/3p4/2pP2n1/2P1P3/PP1N1PP1/R2QKB1R b KQ - 0 12,0.29
r1b2rk1/ppq2p1p/2nbpnpP/3p4/2pP1BN1/2P1P3/PP1N1PP1/R2QKB1R b KQ - 1 11,0.43
r1b2rk1/p4p1p/2nqp1pP/1p1p4/2pP2Q1/2P1P3/PP1N1PP1/R3KB1R w KQ - 0 14,0.32
r1b2rk1/pp3p1p/2nq2pP/3pp3/2pP4/2P1P1Q1/PP1N1PP1/R3KB1R b KQ - 1 14,0.37
r1br2k1/pp3p1p/2nq2pP/3pp3/2pP4/2P1P1Q1/PP1N1PP1/R3KB1R w KQ - 2 15,0.35
r1br2k1/pp3p1p/2nq2pP/3pp3/2pP4/2P1P1Q1/PP1NBPP1/R3K2R b KQ - 3 15,0.23
r1b2rk1/pp3p1p/2nq2pP/3pp3/2pP2Q1/2P1P3/PP1N1PP1/R3KB1R w KQ - 0 14,0.4
r1b2rk1/p4p1p/2nqp1pP/1p1p4/2pP2Q1/P1P1P3/1P1N1PP1/R3KB1R b KQ - 0 14,0.25
r1b2rk1/pp3p1p/2nqp1pP/3p4/2pP2Q1/2P1P3/PP1N1PP1/R3KB1R b KQ - 0 13,0.41
r4rk1/3bnp1p/3qp1pP/pp1p4/2pP2Q1/P1P1P3/1P1NBPP1/R4RK1 w - - 2 17,0.58
r4rk1/3b1p1p/2nqp1pP/pp1p4/2pP2Q1/P1P1P3/1P1NBPP1/R3K2R w KQ - 0 16,0.26
r4rk1/4np1p/2bqp1pP/pp1p4/2pP2Q1/P1P1P3/1P1NBPP1/R3R1K1 w - - 4 18,0.59
r4rk1/p2b1p1p/2nqp1pP/1p1p4/2pP2Q1/P1P1P3/1P1N1PP1/R3KB1R w KQ - 1 15,0.23
r4rk1/3bnp1p/3qp1pP/pp1p4/2pP2Q1/P1P1P3/1P1NBPP1/R3R1K1 b - - 3 17,0.47
r4rk1/p2b1p1p/2nqp1pP/1p1p4/2pP2Q1/P1P1P3/1P1NBPP1/R3K2R b KQ - 2 15,0.22
r4rk1/3b1p1p/2nqp1pP/pp1p4/2pP2Q1/P1P1P3/1P1NBPP1/R4RK1 b - - 1 16,0.29
4rrk1/4np1p/2bqp1pP/pp6/2pPp1Q1/P1P2B2/1P1N1PP1/R3R1K1 w - - 0 20,0.25
4rrk1/4np1p/2bqp1pP/pp6/2pPN1Q1/P1P2B2/1P3PP1/R3R1K1 b - - 0 20,0.29
4rrk1/4np1p/2bqp1pP/pp1p4/2pP2Q1/P1P1PB2/1P1N1PP1/R3R1K1 w - - 6 19,0.65
4rrk1/4np1p/2bqp1pP/pp1p4/2pPP1Q1/P1P2B2/1P1N1PP1/R3R1K1 b - - 0 19,0.29
4rrk1/5p1p/2Qqp1pP/pp3n2/2pP4/P1P2B2/1P3PP1/R3R1K1 b - - 2 22,0.21
4rrk1/4np1p/3qp1pP/pp6/2pPb1Q1/P1P2B2/1P3PP1/R3R1K1 w - - 0 21,0.32
r4rk1/4np1p/2bqp1pP/pp1p4/2pP2Q1/P1P1PB2/1P1N1PP1/R3R1K1 b - - 5 18,0.43
4rrk1/4np1p/3qp1pP/pp6/2pPQ3/P1P2B2/1P3PP1/R3R1K1 b - - 0 21,0.13
4rrk1/5p1p/3qp1pP/pp3n2/2pPQ3/P1P2B2/1P3PP1/R3R1K1 w - - 1 22,0.3
4rrk1/4np1p/2bqp1pP/pp1p4/2pP2Q1/PPP1PB2/3N1PP1/R3R1K1 b - - 0 19,0.39
4rrk1/5p1p/2bqp1pP/pp1p1n2/3P4/PNP1PB1Q/5PP1/R3R1K1 b - - 0 21,0.41
4rrk1/5p1p/2bqp1pP/pp1p1n2/2pP4/PPP1PB1Q/3N1PP1/R3R1K1 b - - 2 20,0.37
3qrrk1/5p1p/2b1p1pP/pp1p1n2/3P4/PNP1PB1Q/5PP1/R3R1K1 w - - 1 22,0.42
4rrk1/5p1p/2bqp1pP/pp1p1n2/2pP2Q1/PPP1PB2/3N1PP1/R3R1K1 w - - 1 20,0.42
4rrk1/5p1p/2bqp1pP/pp1p1n2/3P4/PpP1PB1Q/3N1PP1/R3R1K1 w - - 0 21,0.41
3qrrk1/5p1p/2b1p1pP/pp1p1n2/3P4/PNP1P2Q/4BPP1/R3R1K1 b - - 2 22,0.36
4rrk1/4qp1p/2bnp1pP/ppNp4/3P4/P1P1P3/4BPPQ/R3R1K1 b - - 6 24,0.27
4rrk1/4q2p/2bnpppP/ppNp4/3P2B1/P1P1P3/5PPQ/R3R1K1 b - - 1 25,0.32
3qrrk1/5p1p/2bnp1pP/ppNp4/3P4/P1P1P2Q/4BPP1/R3R1K1 b - - 4 23,0.34
4rrk1/4q2p/2bnpppP/ppNp4/3P4/P1P1P3/4BPPQ/R3R1K1 w - - 0 25,0.72
4rrk1/3bq2p/3npppP/ppNp4/3P2B1/P1P1P3/5PPQ/R3R1K1 w - - 2 26,0.87
3qrrk1/5p1p/2bnp1pP/pp1p4/3P4/PNP1P2Q/4BPP1/R3R1K1 w - - 3 23,0.6
4rrk1/3bq2p/3npppP/ppNp4/3P2B1/P1P1P3/5PPQ/1R2R1K1 b - - 3 26,0.82
4rrk1/3bq2p/3npppP/1pNp4/p2P2B1/P1P1P3/5PPQ/1R2R1K1 w - - 0 27,0.77
4rrk1/4qp1p/2bnp1pP/ppNp4/3P4/P1P1P2Q/4BPP1/R3R1K1 w - - 5 24,0.56
2r2rk1/3bq2p/3npppP/1pNp4/pR1P4/P1P1P3/4BPPQ/4R1K1 b - - 3 28,0.67
4rrk1/3bq2p/3npppP/1pNp4/pR1P2B1/P1P1P3/5PPQ/4R1K1 b - - 1 27,0.84
2r2rk1/3bq2p/3npppP/1pNp4/pR1P2B1/P1P1P3/5PPQ/4R1K1 w - - 2 28,0.84
5rk1/2r1q2p/2bnpppP/1pNp4/pR1P4/P1P1P3/4BPPQ/1R4K1 w - - 6 30,0.72
2r2rk1/4q2p/2bnpppP/1pNp4/pR1P4/P1P1P3/4BPPQ/1R4K1 b - - 5 29,0.32
5rk1/2r1q2p/2bnpppP/1pNp4/pR1P2B1/P1P1P3/5PPQ/1R4K1 b - - 7 30,0.76
2r2rk1/4q2p/2bnpppP/1pNp4/pR1P4/P1P1P3/4BPPQ/4R1K1 w - - 4 29,0.68
5rk1/2Qbq2p/4pppP/1pP5/p3p1B1/P1P5/5PP1/1R4K1 b - - 1 34,0.0
2r3k1/2Qbq2p/4pppP/1pP5/p3p1B1/P1P5/5PP1/1R4K1 w - - 2 35,0.0
5rk1/2rbq2p/3npppP/1pNp4/pR1P2B1/P1P1P3/5PPQ/1R4K1 w - - 8 31,0.65
5rk1/3bq2p/4pppP/1pP5/p3p1B1/P1P5/5PPQ/1R4K1 w - - 0 34,0.05
2r3k1/1Q1bq2p/4pppP/1pP5/p3p1B1/P1P5/5PP1/1R4K1 b - - 3 35,0.0
5rk1/3bq2p/4pppP/1pPp4/p3R1B1/P1P5/5PPQ/1R4K1 b - - 0 33,0.0
2r5/1Q1bqk1p/4pppP/1RP5/p3p1B1/P1P5/5PP1/6K1 b - - 0 36,0.0
5rk1/2rbq2p/3npppP/1pNp4/pR1PP1B1/P1P5/5PPQ/1R4K1 b - - 0 31,0.47
4Q3/5k1p/4pppP/1bP5/p3p1B1/P1P5/5PP1/6K1 b - - 0 38,0.0
2r5/1Q1bqk1p/4pppP/1pP5/p3p1B1/P1P5/5PP1/1R4K1 w - - 4 36,0.0
4b3/5k1p/4pppP/2P5/p3p1B1/P1P5/5PP1/6K1 w - - 0 39,0.0
5rk1/3bq2p/3npppP/1pPp4/pR2P1B1/P1P5/5PPQ/1R4K1 b - - 0 32,0.07
2r5/1Q2qk1p/4pppP/1bP5/p3p1B1/P1P5/5PP1/6K1 w - - 0 37,0.18
2Q5/4qk1p/4pppP/1bP5/p3p1B1/P1P5/5PP1/6K1 b - - 0 37,0.02
2Q1q3/5k1p/4pppP/1bP5/p3p1B1/P1P5/5PP1/6K1 w - - 1 38,0.02
5rk1/2Qbq2p/4p1pP/1pP2p2/p3p3/P1P5/4BPP1/1R4K1 b - - 1 35,1.99
2r3k1/2Qbq2p/4p1pP/1pP2p2/p3p3/P1P5/4BPP1/1R4K1 w - - 2 36,3.8
5rk1/3bq2p/4pppP/1pPp4/pR2n1B1/P1P5/5PPQ/1R4K1 w - - 0 33,0.03
2r3k1/1Q1bq2p/4p1pP/1pP2p2/p3p3/P1P5/4BPP1/1R4K1 b - - 3 36,3.67
6k1/1Q1bq2p/4p1pP/1pr2p2/p3p3/P1P5/4BPP1/1R4K1 w - - 0 37,4.02
5rk1/3bq2p/3npppP/1prp4/pR1PP1B1/P1P5/5PPQ/1R4K1 w - - 0 32,0.27
5rk1/2Qbq2p/4p1pP/1pP2p2/p3p1B1/P1P5/5PP1/1R4K1 w - - 0 35,4.16
6k1/1Q1bq2p/4p1pP/1p1r1p2/p3p3/P1P5/4BPP1/3R2K1 w - - 2 38,3.76
6k1/1Q1bq2p/6pP/1B1p1p2/p3p3/P1P5/5PP1/6K1 b - - 0 39,3.97
6k1/1Q1bq2p/6pP/1p1p1p2/p3p3/P1P5/4BPP1/6K1 w - - 0 39,3.95
6k1/1Q1Bq2p/6pP/3p1p2/p7/P1P5/5KP1/8 b - - 0 41,3.95
6k1/1Q1Bq2p/6pP/3p1p2/p7/P1P5/5pP1/6K1 w - - 0 41,3.88
6k1/1Q1bq2p/4p1pP/1p1R1p2/p3p3/P1P5/4BPP1/6K1 b - - 0 38,4.03
6k1/1Q1B3p/6pP/3p1p2/p7/P1P3P1/5K1q/8 w - - 1 43,3.87
6k1/1Q1B3p/6pP/3p1p2/p7/P1P3P1/7q/5K2 b - - 2 43,3.9
6k1/1Q1B3p/6pP/3p1p2/p6q/P1P5/5KP1/8 w - - 1 42,3.96
6k1/1Q1Bq2p/6pP/3p1p2/p7/P1P1p3/5PP1/6K1 b - - 0 40,3.97
6k1/1Q1B3p/6pP/3p1p2/p6q/P1P3P1/5K2/8 b - - 0 42,4.1
6k1/1Q1bq2p/6pP/1B1p1p2/p7/P1P1p3/5PP1/6K1 w - - 0 40,4.14
6k1/1Q1B3p/6pP/3p1p2/p7/P1P3P1/4K1q1/8 w - - 5 45,4.02
6k1/1Q1B3p/6pP/3p1p2/p7/P1P3P1/8/5K1q w - - 3 44,4.19
6k1/1Q1B3p/6pP/3p1p2/p7/P1P3P1/6q1/3K4 b - - 6 45,4.17
6k1/1Q1bq2p/4p1pP/1pr2p2/p3p3/P1P5/4BPP1/3R2K1 b - - 1 37,4.07
6k1/1Q1B3p/6pP/3p1p2/p7/P1P3P1/2K5/5q2 b - - 8 46,4.29
6k1/1Q1B3p/6pP/3p1p2/p7/P1P3P1/2K1q3/8 w - - 9 47,4.26
6k1/1Q1B3p/6pP/3p1p2/p7/P1P3P1/8/3K1q2 w - - 7 46,4.27
6k1/1Q1B3p/6pP/3p1p2/p7/P1P3P1/1K6/5q2 b - - 12 48,4.14
6k1/1Q1B3p/6pP/3p1p2/p7/P1P3P1/8/1K3q2 w - - 11 48,4.42
6k1/1Q1B3p/6pP/3p1p2/p7/P1P3P1/4q3/1K6 b - - 10 47,4.09
6k1/1Q1B3p/6pP/3p1p2/p7/P1P3P1/1K3q2/8 w - - 13 49,4.02
6k1/3B3p/6pP/3p1p2/p7/P1q3P1/8/KQ6 w - - 0 51,6.0
6k1/1Q1B3p/6pP/3p1p2/p7/P1P3P1/4K3/7q b - - 4 44,4.14
6k1/3B3p/6pP/3p1p2/p7/P1P3P1/8/KQ2q3 b - - 16 50,4.18
6k1/1Q1B3p/6pP/3p1p2/p7/P1P3P1/8/K3q3 w - - 15 50,4.22
6k1/3B3p/6pP/3p1p2/p7/P1q3P1/1Q6/K7 b - - 1 51,6.39
6k1/3B3p/6pP/3p1p2/p7/P5P1/KQ6/4q3 b - - 3 52,5.53
6k1/3B3p/6pP/5p2/p2Q4/P5P1/K7/4q3 b - - 0 53,6.42
6k1/1Q1B3p/6pP/3p1p2/p7/P1P3P1/5q2/K7 b - - 14 49,4.41
6k1/3B3p/6pP/5p2/p2Q4/P5P1/K3q3/8 w - - 1 54,6.61
6k1/3B3p/6pP/5p2/p2p4/P5P1/KQ6/4q3 w - - 0 53,7.2
6k1/3B3p/6pP/5p2/p1q5/P5P1/1Q6/K7 b - - 4 55,4.92
6k1/3B3p/6pP/5p2/p7/P5P1/1Q6/K4q2 w - - 5 56,4.96
6k1/3B3p/6pP/5p2/p7/P5P1/8/KQ3q2 b - - 6 56,5.0
6k1/3B3p/6pP/3p1p2/p7/P5P1/1Q6/K3q3 w - - 2 52,7.02
6k1/3B3p/6pP/5p2/p1q5/P5P1/KQ6/8 w - - 3 55,6.69
6k1/3B3p/6pP/5p2/p7/P5P1/KQ2q3/8 b - - 2 54,5.59
6k1/3B3p/q5pP/5p2/p7/P5P1/8/KQ6 w - - 7 57,6.46
8/3B1k1p/6pP/4Qp2/p7/P5P1/1K3q2/8 w - - 13 60,7.45
8/3B1k1p/6pP/4Qp2/p7/P5P1/8/2K3q1 w - - 15 61,7.31
1Q6/3B1k1p/q5pP/5p2/p7/P5P1/8/K7 w - - 9 58,8.43
8/3B1k1p/6pP/4Qp2/p7/P5P1/1K6/5q2 b - - 12 59,8.14
1Q4k1/3B3p/q5pP/5p2/p7/P5P1/8/K7 b - - 8 57,7.83
8/3B1k1p/6pP/4Qp2/p7/P5P1/5q2/2K5 b - - 14 60,8.14
8/3B1k1p/q5pP/4Qp2/p7/P5P1/8/K7 b - - 10 58,7.72
6k1/7p/2B3pP/1Q1p1p2/p7/2P3q1/8/1K6 w - - 0 54,99.97
6k1/7p/2B3pP/3Q1p2/p7/2P3q1/8/1K6 b - - 0 54,99.98
5k2/7p/2B3pP/3Q1p2/p7/2P3q1/8/1K6 w - - 1 55,99.98
3Q1k2/7p/2B3pP/5p2/p7/2P3q1/8/1K6 b - - 2 55,99.99
3Q4/5k1p/2B3pP/5p2/p7/2P3q1/8/1K6 w - - 3 56,99.99
3Q4/5k1p/6pP/3B1p2/p7/2P3q1/8/1K6 b - - 4 56,100.0
6k1/3Bq2p/6pP/3p1p2/p7/P1P3P1/8/KQ6 w - - 17 51,4.65
8/3B1k1p/6pP/4Qp2/p7/P5P1/8/K4q2 w - - 11 59,8.18
6k1/3B3p/6pP/1Q1p1p2/p7/q1P3P1/8/K7 w - - 0 52,5.57
6k1/7p/2Bq2pP/1Q1p1p2/p7/2P3P1/8/1K6 b - - 3 53,5.98
6k1/3Bq2p/6pP/1Q1p1p2/p7/P1P3P1/8/K7 b - - 18 51,4.96
6k1/3B3p/3q2pP/1Q1p1p2/p7/2P3P1/8/1K6 w - - 2 53,6.77
6k1/3B3p/6pP/1Q1p1p2/p7/q1P3P1/8/1K6 b - - 1 52,6.14
rnbqkb1r/pppppp1p/5np1/8/8/1P6/PBPPPPPP/RN1QKBNR w KQkq - 0 3,0.13
rnbqkb1r/pppppppp/5n2/8/8/1P6/P1PPPPPP/RNBQKBNR w KQkq - 1 2,-0.11
rnbqkb1r/pppppppp/5n2/8/8/1P6/PBPPPPPP/RN1QKBNR b KQkq - 2 2,0.0
rnbq1rk1/ppppppbp/5np1/8/8/1P2PN2/PBPP1PPP/RN1QKB1R w KQ - 3 5,0.02
rnbqk2r/ppppppbp/5np1/8/8/1P2PN2/PBPP1PPP/RN1QKB1R b KQkq - 2 4,-0.2
rnbqk2r/ppppppbp/5np1/8/8/1P2P3/PBPP1PPP/RN1QKBNR w KQkq - 1 4,0.11
rnbqkbnr/pppppppp/8/8/8/1P6/P1PPPPPP/RNBQKBNR b KQkq - 0 1,-0.23
rnbqkb1r/pppppp1p/5np1/8/8/1P2P3/PBPP1PPP/RN1QKBNR b KQkq - 0 3,-0.04
rnbq1rk1/pp1pppbp/5np1/2p5/2P5/1P2PN2/PB1P1PPP/RN1QKB1R w KQ - 0 6,-0.15
rnbq1rk1/pp1pppbp/5np1/2p5/2PP4/1P2PN2/PB3PPP/RN1QKB1R b KQ - 0 6,-0.25
rnbq1rk1/ppppppbp/5np1/8/2P5/1P2PN2/PB1P1PPP/RN1QKB1R b KQ - 0 5,-0.09
rnbq1rk1/pp1pppbp/5np1/8/2PN4/1P2P3/PB3PPP/RN1QKB1R b KQ - 0 7,-0.21
rnbq1rk1/1p1pppbp/p4np1/8/2PN4/1P2P3/PB3PPP/RN1QKB1R w KQ - 0 8,0.05
rnbq1rk1/pp1pppbp/5np1/8/2Pp4/1P2PN2/PB3PPP/RN1QKB1R w KQ - 0 7,-0.27
r1bq1rk1/1p1pppbp/p1N2np1/8/2P5/1PN1P3/PB3PPP/R2QKB1R b KQ - 0 9,0.0
rnbq1rk1/1p1pppbp/p4np1/8/2PN4/1PN1P3/PB3PPP/R2QKB1R b KQ - 1 8,0.03
r1bq1rk1/3pppbp/p1p2np1/8/2P5/1PN1P3/PB2BPPP/R2QK2R b KQ - 1 10,-0.26
r1bq1rk1/1p1pppbp/p1n2np1/8/2PN4/1PN1P3/PB3PPP/R2QKB1R w KQ - 2 9,0.25
r1bq1rk1/5pbp/p1p1pnp1/3P4/8/1PN1P3/PB2BPPP/R2Q1RK1 b - - 0 12,0.11
r1bq1rk1/3pppbp/p1p2np1/8/2P5/1PN1P3/PB3PPP/R2QKB1R w KQ - 0 10,0.24
r1bq1rk1/4ppbp/p1p2np1/3p4/2P5/1PN1P3/PB2BPPP/R2Q1RK1 b - - 1 11,0.09
r1bq1rk1/5pbp/p3pnp1/3p4/8/1PN1P3/PB2BPPP/R2Q1RK1 w - - 0 13,0.04
r1bq1rk1/5pbp/p3pnp1/3p4/N7/1P2P3/PB2BPPP/R2Q1RK1 b - - 1 13,0.03
r1b2r2/5pkp/p3pqp1/3p4/N2Qn3/1P2P3/P3BPPP/R4RK1 w - - 2 16,0.41
r1bq1rk1/5pBp/p3p1p1/3p4/N3n3/1P2P3/P3BPPP/R2Q1RK1 b - - 0 14,0.4
r1bq1r2/5pkp/p3p1p1/3p4/N2Qn3/1P2P3/P3BPPP/R4RK1 b - - 1 15,0.39
r1bq1rk1/4ppbp/p1p2np1/3p4/2P5/1PN1P3/PB2BPPP/R2QK2R w KQ - 0 11,0.18
r1bq1rk1/5pbp/p1p1pnp1/3p4/2P5/1PN1P3/PB2BPPP/R2Q1RK1 w - - 0 12,0.53
r1bq1rk1/5pbp/p3p1p1/3p4/N3n3/1P2P3/PB2BPPP/R2Q1RK1 w - - 2 14,0.43
r1b2r2/5pkp/p3pQp1/3p4/N3n3/1P2P3/P3BPPP/R4RK1 b - - 0 16,0.36
r1b2r2/5p1p/p3p1p1/3pk3/N3nP2/1P1BP3/P5PP/R4RK1 b - - 0 18,0.81
r1b2r2/5p1p/p3pkp1/3p4/N3BP2/1P2P3/P5PP/R4RK1 b - - 0 19,1.34
r1b2r2/5p1p/p3pkp1/3p4/N3n3/1P2P3/P3BPPP/R4RK1 w - - 0 17,0.92
r1b2r2/5p1p/p3pkp1/3p4/N3nP2/1P1BP3/P5PP/R4RK1 w - - 1 19,1.4
r1bq1r2/5pkp/p3p1p1/3p4/N3n3/1P2P3/P3BPPP/R2Q1RK1 w - - 0 15,0.43
r1br4/2R1kp1p/p3p1p1/8/N3pP2/1P2P3/P5PP/3R2K1 b - - 5 22,2.01
r1b2r2/4kp1p/p3p1p1/8/N3pP2/1P2P3/P5PP/R2R2K1 w - - 2 21,0.73
r1b2r2/5p1p/p3pkp1/8/N3pP2/1P2P3/P5PP/R4RK1 w - - 0 20,1.36
r1b2r2/4kp1p/p3p1p1/8/N3pP2/1P2P3/P5PP/2RR2K1 b - - 3 21,0.79
r1b2r2/5p1p/p3pkp1/3p4/N3n3/1P1BP3/P4PPP/R4RK1 b - - 1 17,0.58
r1b5/2Rrkp1p/p3p1p1/8/N3pP2/1P2P3/P5PP/3R2K1 w - - 6 23,2.11
r1b2r2/5p1p/p3pkp1/8/N3pP2/1P2P3/P5PP/R2R2K1 b - - 1 20,0.58
r1br4/4kp1p/p3p1p1/8/N3pP2/1P2P3/P5PP/2RR2K1 w - - 4 22,2.09
r1b2r2/5p1p/p3p1p1/3pk3/N3n3/1P1BP3/P4PPP/R4RK1 w - - 2 18,0.84
r7/2Rbkp1p/p3p1p1/8/N3pP2/1P2P3/P5PP/6K1 w - - 0 24,2.16
r1b5/2RRkp1p/p3p1p1/8/N3pP2/1P2P3/P5PP/6K1 b - - 0 23,1.99
r7/3k1p1p/p3p1p1/8/N3pP2/1P2P3/P5PP/6K1 w - - 0 25,2.45
N7/1k3p1p/p3p1p1/8/4pP2/1P2P3/P5PP/6K1 w - - 1 27,2.23
k7/5p1p/p3p1p1/8/4pP2/1P2P1K1/P5PP/8 b - - 1 28,1.23
r7/3k1p1p/pN2p1p1/8/4pP2/1P2P3/P5PP/6K1 b - - 1 25,3.06
8/1k3p1p/p3p1p1/8/4pP2/1P2P1K1/P5PP/8 w - - 2 29,1.05
8/1k3p1p/p3p1p1/8/4pP1K/1P2P3/P5PP/8 b - - 3 29,0.27
8/1k5p/p3ppp1/8/4pPPK/1P2P3/P6P/8 b - - 0 30,0.13
8/7p/p1k1ppp1/8/4pPP1/1P2P1K1/P6P/8 b - - 2 31,0.12
8/7p/p1k1ppp1/8/4pPPK/1P2P3/P6P/8 w - - 1 31,0.16
r7/3Rkp1p/p3p1p1/8/N3pP2/1P2P3/P5PP/6K1 b - - 0 24,3.34
8/1k5p/p3ppp1/8/4pP1K/1P2P3/P5PP/8 w - - 0 30,0.36
8/7p/p4pp1/3kP3/4p1PP/1P2P1K1/P7/8 b - - 0 33,0.3
8/7p/p3ppp1/3k4/4pPPP/1P2P1K1/P7/8 b - - 0 32,0.13
8/7p/p3ppp1/3k4/4pPP1/1P2P1K1/P6P/8 w - - 3 32,0.12
8/7p/p4pp1/4k3/4p1PP/1P2P1K1/P7/8 w - - 0 34,0.08
8/7p/p4pp1/4k3/1P2p1PP/4P1K1/P7/8 b - - 0 34,-5.39
8/7p/p4p2/4k1p1/PP2p1PP/4P1K1/8/8 b - - 0 35,-7.94
8/7p/p4p2/4k1p1/1P2p1PP/4P1K1/P7/8 w - - 0 35,-5.93
8/7p/p4pp1/3kp3/4pPPP/1P2P1K1/P7/8 w - - 0 33,5.74
8/7p/p4p2/1P1k2p1/P3p1PP/4P1K1/8/8 b - - 0 36,-8.93
8/7p/5p2/1p1k2p1/P3p1PP/4P1K1/8/8 w - - 0 37,-8.95
8/7p/p4p2/3k2p1/PP2p1PP/4P1K1/8/8 w - - 1 36,-7.9
8/7p/5p2/1Pk3p1/4p1PP/4P1K1/8/8 w - - 1 38,-9.63
8/7p/8/1Pk3p1/4p1P1/4P1K1/8/8 w - - 0 39,-11.91
8/7p/8/1k4p1/4p1P1/4P3/5K2/8 w - - 0 40,-11.91
8/7p/5p2/1Pk3P1/4p1P1/4P1K1/8/8 b - - 0 38,-11.75
8/7p/8/1Pk3p1/4p1P1/4P3/5K2/8 b - - 1 39,-10.18
8/7p/8/1k4p1/4p1P1/4P3/4K3/8 b - - 1 40,-11.92
8/7p/8/6p1/2k1p1P1/4P3/4K3/8 w - - 2 41,-11.69
8/7p/8/6p1/4p1P1/1k2P3/3K4/8 w - - 4 42,-11.92
8/7p/8/6p1/2k1p1P1/4P3/3K4/8 b - - 3 41,-11.02
8/7p/5p2/1P1k2p1/4p1PP/4P1K1/8/8 b - - 0 37,-10.58
rnbqkbnr/pp1ppppp/2p5/8/2PP4/8/PP2PPPP/RNBQKBNR b KQkq - 0 2,0.29
rnbqkbnr/pp2pppp/2p5/3p4/2PP4/5N2/PP2PPPP/RNBQKB1R b KQkq - 1 3,0.39
rnbqkbnr/pp1ppppp/2p5/8/3P4/8/PPP1PPPP/RNBQKBNR w KQkq - 0 2,0.34
rnbqkbnr/pp2pppp/2p5/3p4/2PP4/8/PP2PPPP/RNBQKBNR w KQkq - 0 3,0.41
rnbqkb1r/pp2pppp/2p2n2/3p4/2PP4/2N2N2/PP2PPPP/R1BQKB1R b KQkq - 3 4,0.33
rnbqkb1r/pp2pppp/2p2n2/8/2pP4/2N2N2/PP2PPPP/R1BQKB1R w KQkq - 0 5,0.25
rnbqkb1r/pp2pppp/2p2n2/3p4/2PP4/5N2/PP2PPPP/RNBQKB1R w KQkq - 2 4,0.27
rnbqkb1r/pp2pppp/2p2n2/8/2pPP3/2N2N2/PP3PPP/R1BQKB1R b KQkq - 0 5,-0.13
k7/5p1p/p3p1p1/8/4pP2/1P2P3/P4KPP/8 w - - 0 28,3.73
rnbqkb1r/p3pppp/2p2n2/1p6/2pPP3/2N2N2/PP3PPP/R1BQKB1R w KQkq - 0 6,0.11
N7/5p1p/p1k1p1p1/8/4pP2/1P2P3/P5PP/6K1 b - - 0 26,3.65
r7/5p1p/pNk1p1p1/8/4pP2/1P2P3/P5PP/6K1 w - - 2 26,3.65
rnbqkb1r/p3pppp/2p5/1p2P3/P1pP4/2n2N2/1P3PPP/R1BQKB1R w KQkq - 0 8,0.7
rnbqkb1r/p3pppp/2p2n2/1p2P3/2pP4/2N2N2/PP3PPP/R1BQKB1R b KQkq - 0 6,-0.53
rn1qkb1r/1b2pppp/p1p5/1p2P1N1/P1pP4/2P5/4BPPP/R1BQK2R b KQkq - 3 10,1.43
rnbqkb1r/p3pppp/2p5/1p1nP3/2pP4/2N2N2/PP3PPP/R1BQKB1R w KQkq - 1 7,-0.53
rnbqkb1r/p3pppp/2p5/1p2P3/P1pP4/2P2N2/5PPP/R1BQKB1R b KQkq - 0 8,0.61
rnbqkb1r/p3pppp/2p5/1p1nP3/P1pP4/2N2N2/1P3PPP/R1BQKB1R b KQkq - 0 7,-0.45
rnbqkb1r/4pppp/p1p5/1p2P3/P1pP4/2P2N2/5PPP/R1BQKB1R w KQkq - 0 9,1.48
rn1qkb1r/1b2pppp/p1p5/1p2P3/P1pP4/2P2N2/4BPPP/R1BQK2R w KQkq - 2 10,2.86
rn1qkb1r/1b3pp1/p1p1p2p/1p2P3/P1pPN3/2P5/4BPPP/R1BQK2R w KQkq - 0 12,1.4
rn1qkb1r/1b3pp1/p1p1p2p/1p2P3/P1pPN3/B1P5/4BPPP/R2QK2R b KQkq - 1 12,0.0
rnbqkb1r/4pppp/p1p5/1p2P3/P1pP4/2P2N2/4BPPP/R1BQK2R b KQkq - 1 9,0.69
rn1qkb1r/1b2ppp1/p1p4p/1p2P1N1/P1pP4/2P5/4BPPP/R1BQK2R w KQkq - 0 11,1.34
rn1qk2r/1b3pp1/p1p1p2p/1p2P3/P1pPN3/R1P5/4BPPP/3QK2R b Kkq - 0 13,0.02
rn1qkb1r/1b2ppp1/p1p4p/1p2P3/P1pPN3/2P5/4BPPP/R1BQK2R b KQkq - 1 11,1.54
r2q1rk1/1b1n1pp1/p1p1p2p/1p2P3/P1pPN3/R1P5/4BPPP/3Q1RK1 w - - 3 15,0.0
rn1q1rk1/1b3pp1/p1p1p2p/1p2P3/P1pPN3/R1P5/4BPPP/3Q1RK1 b - - 2 14,-0.19
rn1q1rk1/1b3pp1/p1p1p2p/1p2P3/P1pPN3/R1P5/4BPPP/3QK2R w K - 1 14,-0.05
r2q1rk1/1b1n1pp1/p1p1p2p/1p2P3/P1pPNP2/R1P5/4B1PP/3Q1RK1 b - - 0 15,-0.58
r4rk1/1b1nqpp1/p1p1p2p/1p2P3/P1pPNP2/R1P5/4B1PP/3Q1RK1 w - - 1 16,0.05
r4rk1/1b2qpp1/p1p1p2p/1p2P3/n1pPNP2/2P5/3QB1PP/R4RK1 w - - 0 18,2.89
r4rk1/1b1nqpp1/p1p1p2p/1p2P3/P1pPNP2/2P5/4B1PP/R2Q1RK1 b - - 2 16,-0.15
rn1qk2r/1b3pp1/p1p1p2p/1p2P3/P1pPN3/b1P5/4BPPP/R2QK2R w KQkq - 0 13,0.05
r4rk1/1b2qpp1/p1p4p/1p2Pp2/n1pPN3/2P5/3QB1PP/R4RK1 w - - 0 19,3.34
r4rk1/1b2qpp1/pnp1p2p/1p2P3/P1pPNP2/2P5/4B1PP/R2Q1RK1 w - - 3 17,0.29
r4rk1/1b2qpp1/pnp1p2p/1p2P3/P1pPNP2/2P5/3QB1PP/R4RK1 b - - 4 17,0.17
r4rk1/1b2qpp1/p1p2N1p/1p2Pp2/n1pP4/2P5/3QB1PP/R4RK1 b - - 1 19,3.45
r4rk1/1b2qpp1/p1p1p2p/1p2PP2/n1pPN3/2P5/3QB1PP/R4RK1 b - - 0 18,2.9
r4r1k/1b2qpp1/p1p2N1p/1p2Pp2/n1pP4/2P5/3QB1PP/R4RK1 w - - 2 20,3.98
r1br3k/4qpp1/p1p2N1p/1p2PR2/n1pP4/2P5/3QB1PP/5RK1 w - - 3 22,5.41
r2r3k/1b2qpp1/p1p2N1p/1p2PR2/n1pP4/2P5/3QB1PP/5RK1 b - - 2 21,4.36
r2r3k/1b2qpp1/p1p2N1p/1p2PR2/n1pP4/2P5/3QB1PP/R5K1 w - - 1 21,4.51
r4r1k/1b2qpp1/p1p2N1p/1p2PR2/n1pP4/2P5/3QB1PP/R5K1 b - - 0 20,4.03
r1br1q1k/5pp1/p1p2N1p/1p2P2R/2pP3R/8/3QnKPP/8 b - - 1 25,99.95
r1br1q1k/5p2/p1p2N1p/1p2P1pR/2pP3R/8/3QnKPP/8 w - - 0 26,99.96
r1br1q1k/5p2/p1p2N1R/1p2P1p1/2pP3R/8/3QnKPP/8 b - - 0 26,99.95
r1br3k/5p2/p1p2N1q/1p2P1p1/2pP3R/8/3QnKPP/8 w - - 0 27,99.95
r1br3k/5p2/p1p2N1R/1p2P1p1/2pP4/8/3QnKPP/8 b - - 0 27,99.96
r1br4/5pk1/p1p2N1R/1p2P1p1/2pP4/8/3QnKPP/8 w - - 1 28,99.96
r1br4/5pk1/p1p2N1R/1p2P1Q1/2pP4/8/4nKPP/8 b - - 0 28,99.97
r1br1k2/5p2/p1p2N1R/1p2P1Q1/2pP4/8/4nKPP/8 w - - 1 29,99.97
r1br1k1R/5p2/p1p2N2/1p2P1Q1/2pP4/8/4nKPP/8 b - - 2 29,99.97
r1br3k/4qpp1/p1p2N1p/1p2P2R/n1pP4/2P5/3QB1PP/5RK1 b - - 4 22,6.05
r1br1q1k/5pp1/p1p2N1p/1p2P2R/2pP3R/8/3Qn1PP/6K1 w - - 0 25,4.35
r1br1q1k/5pp1/p1p2N1p/1p2P2R/n1pP1R2/2P5/3QB1PP/6K1 b - - 6 23,6.44
r1br1q1k/5pp1/p1p2N1p/1p2P2R/2pP1R2/2n5/3QB1PP/6K1 w - - 0 24,6.37
r1br1q1k/5pp1/p1p2N1p/1p2P2R/n1pP4/2P5/3QB1PP/5RK1 w - - 5 23,5.39
r1br1q1k/5pp1/p1p2N1p/1p2P2R/2pP3R/2n5/3QB1PP/6K1 b - - 1 24,7.21
N7/1k3p1p/p3p1p1/8/4pP2/1P2P3/P4KPP/8 b - - 2 27,4.3
r1bqkbnr/pppnpppp/3p4/8/2BPP3/8/PPP2PPP/RNBQK1NR b KQkq - 2 3,0.46
rnbqkbnr/ppp1pppp/3p4/8/4P3/8/PPPP1PPP/RNBQKBNR w KQkq - 0 2,0.58
r1bqkbnr/pppnpppp/3p4/8/3PP3/8/PPP2PPP/RNBQKBNR w KQkq - 1 3,0.78
rnbqkbnr/pppppppp/8/8/4P3/8/PPPP1PPP/RNBQKBNR b KQkq - 0 1,0.31
r1bqkbnr/pppnpp1p/3p2p1/8/2BPP3/5N2/PPP2PPP/RNBQK2R b KQkq - 1 4,0.77
r1bqk1nr/pppnppbp/3p2p1/8/2BPP3/5N2/PPP2PPP/RNBQK2R w KQkq - 2 5,4.21
rnbqkbnr/ppp1pppp/3p4/8/3PP3/8/PPP2PPP/RNBQKBNR b KQkq - 0 2,0.65
rnbqkbnr/pppp1ppp/8/4p3/4P3/8/PPPP1PPP/RNBQKBNR w KQkq - 0 2,0.28
r1bq2nr/pppnpkbp/3p2p1/6N1/3PP3/8/PPP2PPP/RNBQK2R b KQ - 1 6,4.99
r1bq2nr/pppnpkbp/3p2p1/8/3PP3/5N2/PPP2PPP/RNBQK2R w KQ - 0 6,4.9
r1bqk1nr/pppnpBbp/3p2p1/8/3PP3/5N2/PPP2PPP/RNBQK2R b KQkq - 0 5,4.21
r1bqkbnr/pppnpp1p/3p2p1/8/2BPP3/8/PPP2PPP/RNBQK1NR w KQkq - 0 4,0.8
r1bqkbnr/1ppp1ppp/p1n5/1B2p3/4P3/5N2/PPPP1PPP/RNBQK2R w KQkq - 0 4,0.32
r1bqkbnr/pppp1ppp/2n5/4p3/4P3/5N2/PPPP1PPP/RNBQKB1R w KQkq - 2 3,0.2
r1bqk2r/1pppbppp/p1n2n2/4p3/B3P3/5N2/PPPP1PPP/RNBQ1RK1 w kq - 4 6,0.34
r1bqkbnr/pppp1ppp/2n5/1B2p3/4P3/5N2/PPPP1PPP/RNBQK2R b KQkq - 3 3,0.22
r1bqkbnr/1ppp1ppp/p1n5/4p3/B3P3/5N2/PPPP1PPP/RNBQK2R b KQkq - 1 4,0.36
r1bqkb1r/1ppp1ppp/p1n2n2/4p3/B3P3/5N2/PPPP1PPP/RNBQK2R w KQkq - 2 5,0.33
rnbqkbnr/pppp1ppp/8/4p3/4P3/5N2/PPPP1PPP/RNBQKB1R b KQkq - 1 2,0.19
r1bqk2r/1pppbppp/p1n2n2/4p3/B3P3/5N2/PPPP1PPP/RNBQR1K1 b kq - 5 6,0.29
r1bq1rk1/2p1bppp/p1np1n2/1p2p3/4P3/1BP2N2/PP1P1PPP/RNBQR1K1 w - - 0 9,0.33
r1bqk2r/2ppbppp/p1n2n2/1p2p3/4P3/1B3N2/PPPP1PPP/RNBQR1K1 b kq - 1 7,0.27
r1bqkb1r/1ppp1ppp/p1n2n2/4p3/B3P3/5N2/PPPP1PPP/RNBQ1RK1 b kq - 3 5,0.45
r1bq1rk1/2p1bppp/p2p1n2/np2p3/4P3/1BP2N1P/PP1P1PP1/RNBQR1K1 w - - 1 10,0.48
r1bqk2r/2ppbppp/p1n2n2/1p2p3/B3P3/5N2/PPPP1PPP/RNBQR1K1 w kq - 0 7,0.33
r1bq1rk1/2ppbppp/p1n2n2/1p2p3/4P3/1B3N2/PPPP1PPP/RNBQR1K1 w - - 2 8,0.43
r1bq1rk1/2ppbppp/p1n2n2/1p2p3/4P3/1BP2N2/PP1P1PPP/RNBQR1K1 b - - 0 8,0.37
r1bq1rk1/2p1bppp/p1np1n2/1p2p3/4P3/1BP2N1P/PP1P1PP1/RNBQR1K1 b - - 0 9,0.42
r1bq1rk1/2p1bppp/p2p1n2/np2p3/4P3/2P2N1P/PPBP1PP1/RNBQR1K1 b - - 2 10,0.48
r1bq1rk1/4bppp/p2p1n2/npp1p3/4P3/2P2N1P/PPBP1PP1/RNBQR1K1 w - - 0 11,0.45
r1b2rk1/2q1bppp/p2p1n2/npp1p3/3PP3/2P2N1P/PPBN1PP1/R1BQR1K1 b - - 2 12,0.38
r1bq1rk1/4bppp/p2p1n2/npp1p3/3PP3/2P2N1P/PPB2PP1/RNBQR1K1 b - - 0 11,0.48
r1b2rk1/2q1bppp/p2p1n2/npp1p3/3PP3/2P2N1P/PPB2PP1/RNBQR1K1 w - - 1 12,0.58
r1b2rk1/2q1bppp/p2p1n2/np2p3/3PP3/5N1P/PPBN1PP1/R1BQR1K1 b - - 0 13,0.33
2r2rk1/2qbbppp/p1np1n2/1p2p3/3PP3/5N1P/PP3PP1/RBBQRNK1 w - - 5 16,0.58
r1b2rk1/2q1bppp/p2p1n2/np2p3/3pP3/2P2N1P/PPBN1PP1/R1BQR1K1 w - - 0 13,0.38
r4rk1/2qbbppp/p2p1n2/np2p3/3PP3/5N1P/PPBN1PP1/R1BQR1K1 w - - 1 14,0.41
2r2rk1/2qbbppp/p1np4/1p1n4/3pP3/5N1P/PP3PP1/RBBQR1K1 w - - 0 18,-0.13
2r2rk1/2qbbppp/p1np4/1p1P4/3p4/5N1P/PP3PP1/RBBQR1K1 b - - 0 18,-0.16
2r2rk1/2qbbppp/p1np1n2/1p2p3/3PP3/4NN1P/PP3PP1/RBBQR1K1 b - - 6 16,-0.04
2r2rk1/2qbbppp/p1np1n2/1p1N4/3pP3/5N1P/PP3PP1/RBBQR1K1 b - - 1 17,-0.29
2r2rk1/2qbbppp/p2p4/1p1Pn3/3p4/5N1P/PP3PP1/RBBQR1K1 w - - 1 19,-0.13
r4rk1/2qbbppp/p2p1n2/np2p3/3PP3/5N1P/PPB2PP1/R1BQRNK1 b - - 2 14,0.4
2r2rk1/2qbbppp/p1np1n2/1p6/3pP3/4NN1P/PP3PP1/RBBQR1K1 w - - 0 17,-0.09
2r2rk1/2qbbppp/p2p1n2/np2p3/3PP3/5N1P/PPB2PP1/R1BQRNK1 w - - 3 15,0.48
2r2rk1/2qbbppp/p2p1n2/np2p3/3PP3/5N1P/PP3PP1/RBBQRNK1 b - - 4 15,0.05
2r2rk1/2qbbppp/p2p4/1p1Pn3/3N4/7P/PP3PP1/RBBQR1K1 b - - 0 19,-0.09
2r2rk1/2qb1ppp/p2p1b2/1p1Pn3/3N4/7P/PP3PP1/RBBQR1K1 w - - 1 20,-0.17
2r2rk1/2qb1ppp/p2p1b2/1p1P4/3N4/1P2n2P/P4PP1/RB1QR1K1 w - - 0 22,-3.07
2r2rk1/2qb1ppp/p2p1b2/1p1P4/2nN4/1P2B2P/P4PP1/RB1QR1K1 b - - 0 21,-3.1
2r2rk1/2qb1ppp/p2p1b2/1p1P4/3N4/1P2P2P/P5P1/RB1QR1K1 b - - 0 22,-3.07
2r2rk1/2qb1ppp/p2p1b2/1p1Pn3/3N4/4B2P/PP3PP1/RB1QR1K1 b - - 2 20,-0.91
2r1r1k1/2qb1ppp/p2p1b2/1p1P4/3N4/1P2P2P/P5P1/RB1Q1RK1 b - - 2 23,-3.06
2r2rk1/2qb1ppp/p2p1b2/1p1P4/2nN4/4B2P/PP3PP1/RB1QR1K1 w - - 3 21,-0.84
2r1r1k1/3b1ppp/p2p1b2/1p1P4/3N4/1Pq1P2P/P5P1/RB1Q1RK1 w - - 3 24,-3.2
2r1r1k1/2qb1ppp/p2p1b2/1p1P4/3N4/1P2P2P/P5P1/RB1QR1K1 w - - 1 23,-3.15
2r1r1k1/3b1p1p/p2p1p2/1p1P4/3N4/1Pq1P2P/P5P1/RB1Q2K1 w - - 0 25,-4.07
2r1r1k1/5p1p/p2p1p2/1p1P1N2/8/1P5P/P3q1P1/R2Q3K w - - 1 28,-2.94
2r1r1k1/3b1ppp/p2p1R2/1p1P4/3N4/1Pq1P2P/P5P1/RB1Q2K1 b - - 0 24,-4.15
2r1r1k1/3b1p1p/p2p1p2/1p1P1B2/3N4/1P2q2P/P5P1/R2Q2K1 w - - 0 26,-4.17
2r1r1k1/5p1p/p2p1p2/1p1P1N2/3Q4/1P5P/P3q1P1/R6K b - - 2 28,-2.98
2r1r1k1/5p1p/p2p1p2/1p1P1b2/3N4/1P2q2P/P5P1/R2Q3K w - - 0 27,-4.01
2r1r1k1/5p1p/p2p1p2/1p1P1N2/8/1P2q2P/P5P1/R2Q3K b - - 0 27,-4.21
2r3k1/5p1p/p2N1p2/1p1Pr3/3Q4/1P5P/P3q1P1/R6K b - - 0 29,-4.08
2r1r1k1/3b1p1p/p2p1p2/1p1P1B2/3N4/1Pq1P2P/P5P1/R2Q2K1 b - - 1 25,-4.31
2r3k1/5p1p/p2p1p2/1p1PrN2/3Q4/1P5P/P3q1P1/R6K w - - 3 29,-3.35
2r1r1k1/3b1p1p/p2p1p2/1p1P1B2/3N4/1P2q2P/P5P1/R2Q3K b - - 1 26,-4.26
6k1/5p1p/p2N1p2/1p1Pr3/3Q4/1P5P/r3q1P1/6RK w - - 0 31,-2.59
Q5k1/5p1p/p2N1p2/1p1Pr2q/8/1P5P/r5P1/6RK b - - 3 32,-3.78
6k1/5p1p/p2N1p2/1p1Pr3/3Q4/1P5P/P1r1q1P1/6RK b - - 2 30,-3.28
6k1/5p1p/p2N1p2/1p1Pr3/3Q4/1P5P/P1r1q1P1/R6K w - - 1 30,-3.12
Q7/5pkp/p2N1p2/1p1Pr2q/8/1P5P/r5P1/6RK w - - 4 33,-3.89
Q3N3/5p1p/p2P1pk1/1p2r2q/8/1P5P/r5P1/6RK b - - 0 34,-2.43
Q3N3/5pkp/p4p2/1p1Pr2q/8/1P5P/r5P1/6RK b - - 5 33,-4.17
6k1/Q4p1p/p2N1p2/1p1Pr3/8/1P5P/r3q1P1/6RK b - - 1 31,-3.65
Q3N3/5p1p/p2P1pk1/1p1r3q/8/1P5P/r5P1/6RK w - - 1 35,-1.3
Q3N3/5p1p/p4pk1/1p1Pr2q/8/1P5P/r5P1/6RK w - - 6 34,-2.46
Q7/2N2p1p/p2P1pk1/1p1r3q/8/1P5P/r5P1/6RK b - - 2 35,-1.45
6Q1/2N2p1p/p2r1p2/1p3k1q/8/1P5P/r5P1/6RK w - - 2 37,8.11
6Q1/2N2p1p/p2r1p2/1p3k1q/6P1/1P5P/r7/6RK b - - 0 37,8.14
6k1/Q4p1p/p2N1p2/1p1Pr2q/8/1P5P/r5P1/6RK w - - 2 32,-3.53
Q7/2N2p1p/p2r1pk1/1p5q/8/1P5P/r5P1/6RK w - - 0 36,7.14
6Q1/2N2p1p/p2r1pk1/1p5q/8/1P5P/r5P1/6RK b - - 1 36,7.48
2r1r1k1/3b1ppp/p2p1R2/1p1P4/3N4/1P2P2P/P5P1/qB1Q2K1 w - - 0 25,3.85
r1bqk1nr/pppn2bp/3pp1p1/6N1/3PP3/8/PPP2PPP/RNBQK2R w KQkq - 0 7,2.37
r1bqk1nr/pppn2bp/3pN1p1/8/3PP3/8/PPP2PPP/RNBQK2R b KQkq - 0 7,2.31
r1bqk1nr/pppn1pbp/3pp1p1/6N1/2BPP3/8/PPP2PPP/RNBQK2R w KQkq - 0 6,2.13
r1b1k1nr/ppNnq1bp/3p2p1/8/3PP3/8/PPP2PPP/RNBQK2R b KQkq - 0 8,2.53
2r1r1k1/3b1ppB/p2p1R2/1p1P4/3N4/1P2P2P/P5P1/q2Q2K1 b - - 0 25,3.88
r1bqk1nr/pppnppbp/3p2p1/6N1/2BPP3/8/PPP2PPP/RNBQK2R b KQkq - 3 5,2.11
2r1r3/3b1ppk/p2p1R2/1p1P4/3N4/1P2P2P/P5P1/q2Q2K1 w - - 0 26,3.62
r1b1k1nr/pppnq1bp/3pN1p1/8/3PP3/8/PPP2PPP/RNBQK2R w KQkq - 1 8,2.68
2r1r1k1/5p1p/p2N1p2/1p1P4/8/1P5P/P3q1P1/R2Q3K b - - 0 28,-3.08
2r1r3/3b1p1k/p2p1p2/1p1P4/3N4/1P2P2P/P5P1/Q5K1 w - - 0 27,3.52
2r1r3/3b1ppk/p2p1R2/1p1P4/3N4/1P2P2P/P5P1/Q5K1 b - - 0 26,3.78
r1bqk1nr/pppn1pbp/3pB1p1/6N1/3PP3/8/PPP2PPP/RNBQK2R b KQkq - 0 6,2.16
2r1r3/3b1p1k/p2p1p2/1p1P4/3N4/1P2P2P/P5P1/5QK1 b - - 1 27,3.73
4r1k1/5p1p/p2N1p2/1p1P4/8/1P5P/P1r1Q1P1/R6K b - - 0 29,-4.56
Q3r3/5pkp/p4p2/1p1P3q/8/1P5P/r5P1/6RK w - - 0 34,-3.88
4r1k1/5p1p/p2N1p2/1p1P4/8/1P5P/P1r1q1P1/R2Q3K w - - 1 29,-3.43
6k1/5p1p/p2N1p2/1p1P4/8/1P5P/P1r1r1P1/R6K w - - 0 30,-4.44
4Q3/5pkp/p4p2/1p1P3q/8/1P5P/r5P1/6RK b - - 0 34,-3.85
Q7/2N2p1p/p2P1pk1/1p5q/8/1P1r3P/r5P1/6RK w - - 3 36,-1.33
4Q3/5pkp/p4p2/1p1q4/8/1P5P/r5P1/6RK w - - 0 35,-4.07
Q7/2NP1p1p/p4pk1/1p5q/8/1P1r3P/r5P1/6RK b - - 0 36,-1.23
5Q2/2NP1p1p/p4p1k/1p5q/8/1P1r3P/3r2P1/6RK b - - 4 38,-1.42
6Q1/2NP1p1p/p4pk1/1p5q/8/1P1r3P/3r2P1/6RK b - - 2 37,-1.31
Q7/2NP1p1p/p4pk1/1p5q/8/1P1r3P/3r2P1/6RK w - - 1 37,-1.18
6Q1/2NP1p1p/p4p1k/1p5q/8/1P1r3P/3r2P1/6RK w - - 3 38,-1.38
5Q2/2NP1p1p/p4p2/1p4kq/8/1P1r3P/3r2P1/6RK w - - 5 39,-1.21
6k1/5p1p/p2N1p2/1p1P4/8/1P5P/P1r1r1P1/6RK b - - 1 30,-4.77
4N3/3r1p1p/p4p2/1pQ3kq/8/1P5P/3r2P1/6RK b - - 1 40,-1.39
4NQ2/3P1p1p/p4p2/1p4kq/8/1P1r3P/3r2P1/6RK b - - 6 39,-1.43
4NQ2/3r1p1p/p4p2/1p4kq/8/1P5P/3r2P1/6RK w - - 0 40,-1.63
4N3/3r1p1p/p4p1k/1p5Q/8/1P5P/3r2P1/6RK b - - 0 41,-1.45
6k1/5p1p/p2N1p2/1p1P4/8/1P5P/P2rr1P1/6RK w - - 2 31,-4.73
4N3/3r1p1p/p4p2/1p5k/8/1P5P/3r2P1/6RK w - - 0 42,-1.47
8/3r1p1p/p4N2/1p5k/8/1P5P/3r2P1/6RK b - - 0 42,-1.57
8/3N1p1p/p5k1/1p6/8/1P5P/3r2P1/6RK b - - 0 43,-1.15
8/3r1p1p/p4Nk1/1p6/8/1P5P/3r2P1/6RK w - - 1 43,-1.21
6Q1/2N2p1p/p2r1p1k/1p5q/8/1P5P/r5P1/6RK w - - 2 37,7.0
4N1Q1/5p1p/p2r1p1k/1p4q1/8/1P5P/r5P1/6RK w - - 4 38,7.96
4N1Q1/5p1p/p2r1p1k/1p5q/8/1P5P/r5P1/6RK b - - 3 37,6.93
8/3r1p1p/p5k1/1p6/8/1P5P/6P1/6RK w - - 0 44,-1.13
4NQ2/5p1p/p2r1p2/1p4qk/8/1P5P/r5P1/6RK w - - 6 39,7.77
4NQ2/5p1p/p2r1p1k/1p4q1/8/1P5P/r5P1/6RK b - - 5 38,7.82
4N3/3r1p1p/p4p1k/1pQ4q/8/1P5P/3r2P1/6RK w - - 2 41,-1.99
5Q2/5p1p/p2N1p2/1p4qk/8/1P5P/r5P1/6RK b - - 0 39,7.95
